WordL3,POSL3,NumCharsL3,NumWordsL3,FirstTryL3,SecondTryL3,ThirdTryL3,FourthTryL3,FifthTryL3,SynSimRel_1,SynSimRel_2,SynSimRel_3,SynSimRel_4,SynSimRel_5,SynSimRel_6,SynSimRel_7,SynSimRel_8,SynSimRel_9,SynSimRel_10,SynSimRel_11,SynSimRel_12,SynSimRel_13,SynSimRel_14,SynSimRel_15,SynSimRel_16,SynSimRel_17,SynSimRel_18,SynSimRel_19,SynSimRel_20,SynSimRel_21,SynSimRel_22,SynSimRel_23,SynSimRel_24,SynSimRel_25,SynSimRel_26,SynSimRel_27,SynSimRel_28,SynSimRel_29,SynSimRel_30,SynSimRel_31,SynSimRel_32,SynSimRel_33,SynSimRel_34,SynSimRel_35,SynSimRel_36,SynSimRel_37,SynSimRel_38,SynSimRel_39,SynSimRel_40,SynSimRel_41,SynSimRel_42,SynSimRel_43,SynSimRel_44,SynSimRel_45,SynSimRel_46,SynSimRel_47,SynSimRel_48,SynSimRel_49,SynSimRel_50,SynSimRel_51,SynSimRel_52,SynSimRel_53,SynSimRel_54,SynSimRel_55
all but,adverb,6,2,*** ***,a** ***,a** **t,al* **t,al* *ut,about,just about,almost,most,nearly,near,nigh,virtually,well-nigh,,,,,,,,,,,,,,,,,,,,,,,,,,,,,,,,,,,,,,,,,,,,,,
at once,adverb,6,2,** ****,a* ****,a* ***e,at ***e,at **ce,immediately,instantly,straightaway,straight off,directly,now,right away,forthwith,in real time,like a shot,,,,,,,,,,,,,,,,,,,,,,,,,,,,,,,,,,,,,,,,,,,,,
back down,verb,8,2,**** ****,b*** ****,b*** ***n,ba** ***n,ba** **wn,withdraw ,retreat ,pull away ,recede ,retire ,,,,,,,,,,,,,,,,,,,,,,,,,,,,,,,,,,,,,,,,,,,,,,,,,,
back off,verb,7,2,**** ***,b*** ***,b*** **f,ba** **f,ba** *ff,withdraw ,retreat ,pull away ,draw back ,recede ,retire ,,,,,,,,,,,,,,,,,,,,,,,,,,,,,,,,,,,,,,,,,,,,,,,,,
ball up,verb,6,2,**** **,b*** **,b*** *p,ba** *p,ba** up,botch,bodge,bumble,fumble,botch up,muff,flub,spoil,muck up,bungle,bollix up,bollocks up,bobble,mishandle,louse up,foul up,mess up,fail ,go wrong ,miscarry ,,,,,,,,,,,,,,,,,,,,,,,,,,,,,,,,,,,
band aid,noun,7,2,**** ***,b*** ***,b*** **d,ba** **d,ba** *id,quick fix,repair ,fix ,fixing ,fixture ,mend ,mending ,reparation ,,,,,,,,,,,,,,,,,,,,,,,,,,,,,,,,,,,,,,,,,,,,,,,
battle cry,noun,9,2,****** ***,b***** ***,b***** **y,ba***e **y,ba***e *ry,war cry,war whoop,rallying cry,cry ,outcry ,call ,yell ,shout ,vociferation ,watchword,motto ,slogan ,catchword ,,,,,,,,,,,,,,,,,,,,,,,,,,,,,,,,,,,,,,,,,,
bawl out,verb,7,2,**** ***,b*** ***,b*** **t,ba** **t,ba** *ut,call on the carpet,take to task,rebuke,rag,trounce,reproof,lecture,reprimand,jaw,dress down,call down,scold,chide,berate,remonstrate,chew out,chew up,have words,lambaste,lambast,knock ,criticize ,criticise ,pick apart ,,,,,,,,,,,,,,,,,,,,,,,,,,,,,,,
belt along,verb,9,2,**** *****,b*** *****,b*** ****g,be** a***g,be** a**ng,rush,hotfoot,hasten,hie,speed,race,pelt along,rush along,cannonball along,bucket along,travel ,go ,move ,locomote ,speed up ,,,,,,,,,,,,,,,,,,,,,,,,,,,,,,,,,,,,,,,,
big cheese,noun,9,2,*** ******,b** ******,b** *****e,bi* c****e,bi* c***se,big shot,big gun,big wheel,big deal,big enchilada,big fish,head honcho,important person ,influential person ,,,,,,,,,,,,,,,,,,,,,,,,,,,,,,,,,,,,,,,,,,,,,,
big fish,noun,7,2,*** ****,b** ****,b** ***h,bi* ***h,bi* **sh,big shot,big gun,big wheel,big cheese,big deal,big enchilada,head honcho,important person ,influential person ,,,,,,,,,,,,,,,,,,,,,,,,,,,,,,,,,,,,,,,,,,,,,,
big shot,noun,7,2,*** ****,b** ****,b** ***t,bi* ***t,bi* **ot,big gun,big wheel,big cheese,big deal,big enchilada,big fish,head honcho,important person ,influential person ,,,,,,,,,,,,,,,,,,,,,,,,,,,,,,,,,,,,,,,,,,,,,,
blow a fuse,verb,9,3,**** * ****,b*** * ****,b*** * ***e,bl** a f**e,blo* a f**e,flip one's lid,blow up,throw a fit,hit the roof,hit the ceiling,have kittens,have a fit,combust,blow one's stack,fly off the handle,flip one's wig,lose one's temper,go ballistic,rage ,,,,,,,,,,,,,,,,,,,,,,,,,,,,,,,,,,,,,,,,,
blow up,verb,6,2,**** **,b*** **,b*** *p,bl** *p,bl** up,flip one's lid,throw a fit,hit the roof,hit the ceiling,have kittens,have a fit,combust,blow one's stack,fly off the handle,flip one's wig,lose one's temper,blow a fuse,go ballistic,rage ,,,,,,,,,,,,,,,,,,,,,,,,,,,,,,,,,,,,,,,,,
boob tube,noun,8,2,**** ****,b*** ****,b*** ***e,bo** ***e,bo** **be,television receiver,television,television set,tv,tv set,idiot box,telly,goggle box,receiver ,,,,,,,,,,,,,,,,,,,,,,,,,,,,,,,,,,,,,,,,,,,,,,
bowl over,verb,8,2,**** ****,b*** ****,b*** ***r,bo** ***r,bo** **er,overturn,tip over,turn over,upset,knock over,tump over,move ,displace ,,,,,,,,
by choice,adverb,8,2,** ******,b* ******,b* *****e,by *****e,by ****ce,intentionally,deliberately,designedly,on purpose,purposely,advisedly,by design,,,,,,,,,
by design,adverb,8,2,** ******,b* ******,b* *****n,by *****n,by ****gn,intentionally,deliberately,designedly,on purpose,purposely,advisedly,by choice,,,,,,,,,
card shark,noun,9,2,**** *****,c*** *****,c*** ****k,ca** s***k,ca** s**rk,sharpie,sharpy,swindler ,defrauder ,chiseller ,chiseler ,gouger ,scammer ,grifter ,,,,,,,
catch on,verb,7,2,***** **,c**** **,c**** *n,ca*** *n,ca*** on,get wise,get onto,latch on,cotton on,get it,get the picture ,comprehend ,savvy ,dig ,grasp ,apprehend ,,,,,
chuck out,verb,8,2,***** ***,c**** ***,c**** **t,ch*** **t,ch*** *ut,discard,fling,toss,toss out,toss away,cast aside,dispose,throw out,cast out,throw away,cast away,put away,get rid of ,remove ,,
chuck out,verb,8,2,***** ***,c**** ***,c**** **t,ch*** **t,ch*** *ut,expel,eject,throw out,kick out,boot out,turn out,move ,displace ,,,,,,,,
clamp down,verb,9,2,***** ****,c**** ****,c**** ***n,cl*** d**n,cl*** d*wn,restrict ,restrain ,trammel ,limit ,bound ,confine ,throttle ,,,,,,,,,
come alive,verb,9,2,**** *****,c*** *****,c*** ****e,c*** a***e,c*** a**ve,wake up,awake,arouse,awaken,wake,waken,,,,,,,,,,
come back,verb,8,2,**** ****,c*** ****,c*** ***k,co** ***k,co** **ck,retort,repay,return,riposte,rejoin,answer ,reply ,respond ,,,,,,,,
come upon,verb,8,2,**** ****,c*** ****,c*** ***n,co** ***n,co** **on,strike,come across,chance on,attain,discover,find ,regain ,,,,,,,,,
conform to,verb,9,2,******* **,c****** **,c****** *o,co***** to,co***** to,meet,match ,fit ,correspond ,check ,jibe ,gibe ,tally ,agree ,,,,,,,
conk out,verb,7,2,**** ***,c*** ***,c*** **t,co** **t,co** *ut,fail,go bad,give way,die,give out,go,break,break down,poop out,peter out,run down,run out,tire ,pall ,weary ,fatigue 
cook up,verb,6,2,**** **,c*** **,c*** *p,co** *p,co** up,fabricate,manufacture,make up,invent,think up ,think of ,dream up ,hatch ,concoct ,,,,,,,
cool off,verb,7,2,**** ***,c*** ***,c*** **f,co** **f,co** *ff,calm,calm down,chill out,simmer down,settle down,cool it,,,,,,,,,,
cotton on,verb,8,2,****** **,c***** **,c***** *n,co**** *n,co**** on,catch on,get wise,get onto,latch on,get it,get the picture ,comprehend ,savvy ,dig ,grasp ,,,,,,
crack down,verb,9,2,***** ****,c**** ****,c**** ***n,cr*** d**n,cr*** d*wn,clamp down,restrict ,restrain ,limit ,bound ,confine ,throttle ,,,,,,,,,,,,,,,
dash off,verb,7,2,**** ***,d*** ***,d*** **f,da** **f,da** *ff,scratch off,knock off,toss off,fling off,write ,compose ,pen ,,,,,,,,,,,,,,,
dirty dog,noun,8,2,***** ***,d**** ***,d**** **g,di*** **g,di*** *og,rotter,rat,skunk,stinker,stinkpot,bum,crumb,lowlife,scum bag,so-and-so,git,unpleasant person ,disagreeable person ,,,,,,,,,
divvy up,verb,7,2,***** **,d**** **,d**** *p,di*** *p,di*** up,share,portion out,apportion,deal,distribute ,give out ,hand out ,pass out ,,,,,,,,,,,,,,
dole out,verb,7,2,**** ***,d*** ***,d*** **t,do** **t,do** *ut,distribute,administer,mete out,parcel out,dispense,shell out,deal out,dish out,allot,give ,,,,,,,,,,,,
dolled up,adjective,8,2,****** **,d***** **,d***** *p,do**** *p,do**** up,dressed,dressed-up,dressed to the nines,dressed to kill,spruced up,spiffed up,togged up,clothed ,clad ,,,,,,,,,,,,,
dress down,verb,9,2,***** ****,d**** ****,d**** ***n,dr*** d**n,dr*** d*wn,call on the carpet,take to task,rebuke,rag,trounce,reproof,reprimand,jaw,scold,chide,berate,bawl out,remonstrate,chew out,chew up,have words,lambaste,lambast,knock ,criticize ,criticise ,pick apart 
drink in,verb,7,2,***** **,d**** **,d**** *n,dr*** *n,dr*** in,steep ,immerse ,engulf ,plunge ,engross ,absorb ,soak up ,,,,,,,,,,,,,,,
drive away,verb,9,2,***** ****,d**** ****,d**** ***y,dr*** a**y,dr*** a*ay,chase away,turn back,dispel,run off,move ,displace ,,,,,,,,,,,,,,,,
drive home,verb,9,2,***** ****,d**** ****,d**** ***e,dr*** h**e,dr*** h*me,stress ,emphasize ,emphasise ,punctuate ,accent ,accentuate ,,,,,,,,,,,,,,,,
drive out,verb,8,2,***** ***,d**** ***,d**** **t,dr*** **t,dr*** *ut,chase away,turn back,dispel,run off,move ,displace ,,,,,,,,,,,,,,,,
drop dead,verb,8,2,**** ****,d*** ****,d*** ***d,dr** ***d,dr** **ad,die,decease,perish,go,exit,pass away,expire,pass,kick the bucket,cash in one's chips,buy the farm,conk,give-up the ghost,pop off,croak,snuff it,,,,,,
dummy up,verb,7,2,***** **,d**** **,d**** *p,du*** *p,du*** up,close up,clam up,shut up,belt up,button up,be quiet,keep mum,,,,,,,,,,,,,,,
eat into,verb,7,2,*** ****,e** ****,e** ***o,ea* ***o,ea* **to,fret,rankle,grate,annoy ,rag ,get to ,bother ,get at ,irritate ,rile ,nettle ,vex ,chafe ,devil ,,,,,,,,
eke out,verb,6,2,*** ***,e** ***,e** **t,ek* **t,ek* *ut,squeeze out,take in ,make ,earn ,realize ,realise ,pull in ,bring in ,,,,,,,,,,,,,,
even so,adverb,6,2,**** **,e*** **,e*** *o,ev** *o,ev** so,however,nevertheless,withal,still,yet,all the same,nonetheless,notwithstanding,,,,,,,,,,,,,,
fall apart,verb,9,2,**** *****,f*** *****,f*** ****t,fa** a***t,fa** a**rt,break,wear,wear out,bust,decay,crumble,delapidate,wear away,wear off,break away,break off,break up,break apart,,,
fall back,verb,8,2,**** ****,f*** ****,f*** ***k,fa** ***k,fa** **ck,recede,retire,withdraw,retreat,pull away,draw back,recede,pull back,move back,,,,,,,
fall guy,noun,7,2,**** ***,f*** ***,f*** **y,fa** **y,fa** *uy,chump,fool,mark,patsy,sucker,soft touch,victim,dupe,,,,,,,,
fall upon,verb,8,2,**** ****,f*** ****,f*** ***n,fa** ***n,fa** **on,strike,come upon,light upon,chance upon,come across,chance on,happen upon,attain,discover,find,,,,,,
flesh out,verb,8,2,***** ***,f**** ***,f**** **t,fl*** **t,fl*** *ut,fatten,fat,fill out,plump out,fatten up,change,alter,modify,,,,,,,,
fork over,verb,8,2,**** ****,f*** ****,f*** ***r,fo** ***r,fo** **er,hand over,turn in,get in,deliver,render,pass,pass on,give,,,,,,,,
funny farm,noun,9,2,***** ****,f**** ****,f**** ***m,fu*** f**m,fu*** f*rm,Bedlam,booby hatch,crazy house,cuckoo's nest,funny house,loony bin,madhouse,nut house,nuthouse,sanatorium,mental hospital,psychiatric hospital,mental institution,mental home,insane asylum,asylum
get word,verb,7,2,*** ****,g** ****,g** ***d,ge* ***d,ge* **rd,learn,hear,get wind,pick up,find out,get a line,discover,see,,,,,,,,
give away,verb,8,2,**** ****,g*** ****,g*** ***y,gi** ***y,gi** **ay,unwrap,disclose,let on,bring out,reveal,expose,divulge,impart,let out,tell,,,,,,
give in,verb,6,2,**** **,g*** **,g*** *n,gi** *n,gi** in,submit,bow,defer,yield,succumb,knuckle under,buckle under,,,,,,,,,
give out,verb,7,2,**** ***,g*** ***,g*** **t,gi** **t,gi** *ut,fail,go bad,die,conk out,go,break,break down,,,,,,,,,
give up,verb,6,2,**** **,g*** **,g*** *p,gi** *p,gi** up,release,relinquish,resign,free,pass on,turn over,give,,,,,,,,,
go down,verb,6,2,** ****,g* ****,g* ***n,go ***n,go **wn,crash,fail,go bad,give way,die,give out,conk out,break,,,,,,,,
good day,noun,7,2,**** ***,g*** ***,g*** **y,go** **y,go** *ay,adieu,adios,arrivederci,auf wiedersehen,au revoir,bye,bye-bye,cheerio,good-by,goodby,good-bye,goodbye,sayonara,so long,farewell,word of farewell
good word,noun,8,2,**** ****,g*** ****,g*** ***d,go** ***d,go** **rd,recommendation,testimonial,praise,congratulations,kudos,extolment,,,,,,,,,,
goose egg,noun,8,2,***** ***,g**** ***,g**** **g,go*** **g,go*** *gg,nothing,nil,nix,nada,null,aught,naught,zero,zilch,zip,zippo,,,,,
grab bag,noun,7,2,**** ***,g*** ***,g*** **g,gr** **g,gr** *ag,assortment,mixture,miscellany,variety,smorgasbord,potpourri,,,,,,,,,,,,,
great deal,noun,9,2,***** ****,g**** ****,g**** ***l,gr*** d**l,gr*** d*al,flock,hatful,heap,lot,mass,mess,mint,pile,plenty,pot,quite a little,slew,spate,stack,tidy sum,wad,whole lot,whole slew,large indefinite quantity
head game,noun,8,2,**** ****,h*** ****,h*** ***e,he** ***e,he** **me,delusion,illusion,deception,deceit,,,,,,,,,,,,,,,
hold out,verb,7,2,**** ***,h*** ***,h*** **t,ho** **t,ho** *ut,resist,withstand,stand firm,fight,oppose,fight back,defend,,,,,,,,,,,,
home base,noun,8,2,**** ****,h*** ****,h*** ***e,ho** ***e,ho** **se,headquarters,central office,main office,home office,business office,,,,,,,,,,,,,,
hot air,noun,6,2,*** ***,h** ***,h** **r,ho* **r,ho* *ir,empty words,empty talk,rhetoric,nonsense,bunk,nonsensicality,meaninglessness,hokum,,,,,,,,,,,
hot seat,noun,7,2,*** ****,h** ****,h** ***t,ho* ***t,ho* **at,position,berth,office,spot,billet,place,situation,,,,,,,,,,,,
idiot box,noun,8,2,***** ***,i**** ***,i**** **x,id*** **x,id*** *ox,television,tv,tv set,boob tube,telly,receiving system,,,,,,,,,,,,,
jazz up,verb,6,2,**** **,j*** **,j*** *p,ja** *p,ja** up,juice up,pep up,ginger up,enliven,liven,liven up,invigorate,animate,,,,,,,,,,,
juice up,verb,7,2,***** **,j**** **,j**** *p,ju*** *p,ju*** up,jazz up,pep up,ginger up,enliven,liven,invigorate,animate,,,,,,,,,,,,
knock off,verb,8,2,***** ***,k**** ***,k**** **f,kn*** **f,kn*** *ff,shave,reduce,cut down,cut back,trim back,bring down,,,,,,,,,,,,,
last word,noun,8,2,**** ****,l*** ****,l*** ***d,la** ***d,la** **rd,chic,smartness,stylishness,swank,elegance,,,,,,,,,,,,,,
latch on,verb,7,2,***** **,l**** **,l**** *n,la*** *n,la*** on,catch on,get wise,get onto,cotton on,get it,get the picture,comprehend,savvy,dig,grasp,apprehend,,,,,,,,
laugh line,noun,9,2,***** ****,l**** ****,l**** ***e,la*** l**e,la*** l*ne,crow's feet,wrinkle,furrow,crease,crinkle,seam,line,,,,,,,,,,,,
light up,verb,7,2,***** **,l**** **,l**** *p,li*** *p,li*** up,erupt,ignite,catch fire,take fire,combust,conflagrate,,,,,,,,,,,,,
live on,verb,6,2,**** **,l*** **,l*** *n,li** *n,li** on,survive,last,endure,hold up,hold out,,,,,,,,,,,,,,
live wire,noun,8,2,**** ****,l*** ****,l*** ***e,li** ***e,li** **re,eager beaver,busy bee,sharpy,doer,worker,,,,,,,,,,,,,,
loosen up,verb,8,2,****** **,l***** **,l***** *p,lo**** *p,lo**** up,relax,unbend,unwind,decompress,slow down,,,,,,,,,,,,,,
make do,verb,6,2,**** **,m*** **,m*** *o,ma** *o,ma** do,cope,get by,contend,grapple,deal,manage,act,,,,,,,,,,,,
make off,verb,7,2,**** ***,m*** ***,m*** **f,ma** **f,ma** *ff,abscond,bolt,run off,go off,flee,fly,take flight,,,,,,,,,,,,
make up,verb,6,2,**** **,m*** **,m*** *p,ma** *p,ma** up,fabricate,manufacture,cook up,invent,think up,think of,dream up,hatch,concoct,,,,,,,,,,
meat hooks,noun,9,2,**** *****,m*** *****,m*** ****s,me** h***s,me** h**ks,maulers,hand,manus,mitt,paw,,,,,,,,,,,,,,
mess up,verb,6,2,**** **,m*** **,m*** *p,me** *p,me** up,botch,bumble,fumble,botch up,muff,blow,flub,screw up,ball up,spoil,muck up,bungle,fluff,mishandle,louse up,foul up,fail,go wrong,miscarry
mete out,verb,7,2,**** ***,m*** ***,m*** **t,me** **t,me** *ut,distribute,administer,deal,parcel out,dispense,shell out,deal out,dish out,allot,dole out,give,,,,,,,,
mill about,verb,9,2,**** *****,m*** *****,m*** ****t,mi** a***t,mi** a**ut,loiter,lounge,footle,lollygag,loaf,lallygag,hang around,mess about,tarry,linger,lurk,mill around,,,,,,,
mother wit,noun,9,2,****** ***,m***** ***,m***** **t,mo***r **t,mo***r *it,common sense,good sense,gumption,horse sense,sense,judgment,judgement,discernment,,,,,,,,,,,
mouth off,verb,8,2,***** ***,m**** ***,m**** **f,mo*** **f,mo*** *ff,rant,jabber,spout,rave,talk,,,,,,,,,,,,,,
nod off,verb,6,2,*** ***,n** ***,n** **f,no* **f,no* *ff,fall asleep,flake out,drift off,drop off,doze off,drowse off,,,,,,,,,,,,,
not bad,adjective,6,2,*** ***,n** ***,n** **d,no* **d,no* *ad,bang-up,cracking,dandy,great,groovy,keen,neat,nifty,peachy,swell,smashing,good,,,,,,,
abomination,noun,11,1,***********,a**********,a*********n,ab*******on,ab**in***on,abhorrence,detestation,execration,loathing,odium,hate ,hatred ,disgust ,,,,,,,,,,,
accessible,adjective,10,1,**********,a*********,a********e,ac******le,ac**s***le,approachable ,reachable ,come-at-able ,get-at-able ,getatable ,convenient ,handy ,ready to hand ,in hand ,convenient ,,,,,,,,,
accomplish,verb,10,1,**********,a*********,a********h,ac******sh,ac**m***sh,achieve,attain,reach,succeed ,win ,come through ,bring home the bacon ,deliver the goods ,,,,,,,,,,,
accomplish,verb,10,1,**********,a*********,a********h,ac******sh,ac**m***sh,carry through,execute,carry out,action,fulfill,fulfil,complete ,finish ,effect ,effectuate ,set up ,,,,,,,,,,,,,,
administer,verb,10,1,**********,a*********,a********r,ad******er,ad**n***er,distribute,mete out,deal,parcel out,lot,dispense,shell out,deal out,dish out,allot,dole out,give ,,,,,,,,,,,,,
all the same,adverb,10,3,*** *** ****,a** *** ****,a** *** ***e,al* the ***e,al* the s**e,however,nevertheless,withal,still,yet,even so,nonetheless,notwithstanding,,,,,,,,,,,,,,,,,
anticipate,verb,10,1,**********,a*********,a********e,an******te,an**c***te,predict,foretell,prognosticate,call,forebode,promise,guess ,venture ,pretend ,hazard ,,,,,,,,,,,,,,,
appreciate,verb,10,1,**********,a*********,a********e,ap******te,ap**e***te,prize,value,treasure,consider ,reckon ,view ,regard ,,,,,,,,,,,,,,,,,,
appropriate,adjective,11,1,***********,a**********,a*********e,ap*******te,ap**op***te,befitting ,pat ,proper ,right ,suitable ,suited ,apropos ,,,,,,,,,,,,,,,,,,
approximately,adverb,13,1,*************,a***********y,ap**********y,ap***x*****ly,app**x****ely,about,close to,just about,some,roughly,more or less,around,or so,,,,,,,,,,,,,,,,,
argumentative,adjective,13,1,*************,a***********e,ar*********ve,ar********ive,arg******tive,quarrelsome ,contentious ,combative ,disputatious ,disputative ,litigious ,,,,,,,,,,,,,,,,,,,
articulate,adjective,10,1,**********,a*********,a********e,ar******te,ar**c***te,eloquent ,facile ,fluent ,silver-tongued ,smooth-spoken ,pronounced ,speech-endowed ,well-spoken ,communicative ,communicatory ,,,,,,,,,,,,,,,
artificial,adjective,10,1,**********,a*********,a********l,ar******al,ar**f***al,unreal,arranged ,staged ,bionic ,bleached ,colored ,coloured ,dyed ,cardboard ,unlifelike ,celluloid ,synthetic ,dummy ,substitute ,factitious ,fake ,false ,faux ,imitation ,simulated ,man-made ,synthetic ,counterfeit ,imitative ,unreal 
assortment,noun,10,1,**********,a*********,a********t,as******nt,as**r***nt,mixture,mixed bag,miscellany,miscellanea,variety,salmagundi,smorgasbord,potpourri,motley,collection ,aggregation ,accumulation ,assemblage ,,,,,,,,,,,,
attractive,adjective,10,1,**********,a*********,a********e,at******ve,at**a***ve,bewitching ,captivating ,enchanting ,enthralling ,entrancing ,fascinating ,charismatic ,magnetic ,cunning ,cute ,engaging ,fetching ,winning ,hypnotic ,mesmeric ,mesmerizing ,spellbinding ,irresistible ,personable ,photogenic ,winsome ,beautiful ,inviting ,pleasing ,seductive 
bad-tempered,adjective,12,1,***-********,b**-********,b**-*******d,ba*-t******d,ba*-tem****d,crabbed,crabby,cross,fussy,grouchy,grumpy,ill-natured ,,,,,,,,,,,,,,,,,,
belligerent,noun,11,1,***********,b**********,b*********t,be*******nt,be**ig***nt,combatant,battler,fighter,scrapper,,,,,,,,,,,,,,,,,,,,,
blink of an eye,noun,12,4,***** ** ** ***,b**** ** ** **e,b**** of ** **e,bl*** of an **e,bl*** of an e*e,flash,heartbeat,instant,jiffy,split second,twinkling,wink,New York minute,moment ,second ,bit ,,,,,,,,,,,,,,
blow one's stack,verb,14,3,**** ***'* *****,b*** ***'* *****,b*** ***'* ****k,bl** one'* s***k,bl** one'* st**k,flip one's lid,blow up,throw a fit,hit the roof,hit the ceiling,have kittens,have a fit,combust,fly off the handle,flip one's wig,lose one's temper,blow a fuse,go ballistic,rage ,,,,,,,,,,,
booby hatch,noun,10,2,***** *****,b**** *****,b**** ****h,bo*** h***h,bo*** h**ch,Bedlam,crazy house,cuckoo's nest,funny farm,funny house,loony bin,madhouse,nut house,nuthouse,sanatorium,snake pit,mental hospital ,psychiatric hospital ,mental institution ,institution ,mental home ,insane asylum ,asylum 
bootlicker,noun,10,1,**********,b*********,b********r,bo******er,bo**l***er,apple polisher,fawner,groveller,truckler,toady ,crawler ,lackey ,,,,,,,,,,,
bric-a-brac,noun,11,1,****-*-****,b***-*-****,b***-*-***c,br**-a-***c,br**-a-***c,knickknack,nicknack,knickknackery,whatnot,curio ,curiosity ,oddity ,oddment ,peculiarity ,,,,,,,,,
bronx cheer,noun,10,2,***** *****,b**** *****,b**** ****r,br*** c***r,br**x c**er,boo,hoot,Bronx cheer,hiss,raspberry,razzing,razz,snort,cry ,call ,yell ,shout ,vociferation ,,,,,
buffoonery,noun,10,1,**********,b*********,b********y,bu******ry,bu**o***ry,clowning,frivolity,prank,folly ,foolery ,tomfoolery ,craziness ,lunacy ,,,,,,,,,,
buy the farm,verb,10,3,*** *** ****,b** *** ****,b** *** ***m,bu* the ***m,bu* the f**m,die,decease,perish,pass away,expire,pass,kick the bucket,cash in one's chips,conk,give-up the ghost,drop dead,pop off,croak,snuff it,,,,
castle in the air,noun,14,4,****** ** *** ***,c***** ** *** **r,c***** in *** **r,ca***e in *** **r,ca***e in t** a*r,reverie,revery,daydream,daydreaming,oneirism,air castle,castle in Spain,dream ,dreaming ,,,,,,,,,
catch some z's,verb,12,3,***** **** *'*,c**** **** *'*,c**** **** *'s,ca*** s*** z's,cat** s*** z's,sleep,kip,slumber,rest ,sleep in ,sleep late ,sleep in ,sleep out ,,,,,,,,,,
child's play,noun,11,2,*****'* ****,c****'* ****,c****'* ***y,ch***'* p**y,ch***'* p*ay,cinch,breeze,picnic,snap,duck soup,pushover,walkover,piece of cake,undertaking ,project ,task ,labor ,,,,,,
circumvent,verb,10,1,**********,c*********,c********t,ci******nt,ci**u***nt,outwit,outsmart,outfox,beat,surpass ,outstrip ,outmatch ,outgo ,exceed ,outdo ,surmount ,outperform ,,,,,,
clandestine,adjective,11,1,***********,c**********,c*********e,cl*******ne,cl**de***ne,cloak-and-dagger,hugger-mugger,hush-hush,secret,surreptitious,undercover,underground,covert ,,,,,,,,,,
clean-handed,adjective,12,1,*****-******,c****-******,c****-*****d,cl***-h****d,cl***-h****d,innocent,guiltless,absolved ,clear ,cleared ,exonerated ,vindicated ,acquitted ,not guilty ,blameless ,inculpable ,irreproachable ,unimpeachable ,righteous ,,,,
cockamamie,adjective,10,1,**********,c*********,c********e,co******ie,co**a***ie,goofy,sappy,silly,wacky,whacky,zany,foolish ,,,,,,,,,,,
cold-shoulder,verb,13,1,****-********,c***-********,c***-*******r,co**-s******r,co*d-sho****r,slight,dismiss ,disregard ,brush aside ,brush off ,discount ,push aside ,ignore ,,,,,,,,,,
come across,verb,10,2,**** ******,c*** ******,c*** *****s,co** a****s,co** a***ss,fall upon,strike,light upon,chance upon,chance on,happen upon,attain,discover,find ,,,,,,,,,
comfortable,adjective,11,1,***********,c**********,c*********e,co*******le,co**or***le,easy,prosperous,well-fixed,well-heeled,well-off,well-situated,well-to-do,rich ,,,,,,,,,,
commonplace,adjective,11,1,***********,c**********,c*********e,co*******ce,co**on***ce,banal,hackneyed,old-hat,shopworn,stock,threadbare,timeworn,tired,trite,well-worn,unoriginal ,,,,,,,,,,,,
compassionate,adjective,13,1,*************,c***********e,co**********e,com********te,comp******ate,caring ,nurturant ,pitying ,sorry ,tenderhearted ,humane ,merciful ,sympathetic ,,,,,,,,,,,,,,,
conclusion,noun,10,1,**********,c*********,c********n,co******on,co**l***on,stopping point,finale,finis,finish,last,close,end ,ending ,,,,,,,,,,,,,,,
confidence game,noun,14,2,********** ****,c********* ****,c********* ***e,co**i***ce ***e,co**i***ce **me,bunco,bunco game,bunko,bunko game,con,gyp,hustle,sting,flimflam,swindle ,cheat ,rig ,,,,,,,,,,,
conjecture,noun,10,1,**********,c*********,c********e,co******re,co**e***re,guess,supposition,surmise,surmisal,speculation,hypothesis,opinion ,view ,speculate,theorize,theorise,hypothesize,hypothesise,hypothecate,suppose,,,,,,,,
consistent,adjective,10,1,**********,c*********,c********t,co******nt,co**i***nt,coherent,ordered,orderly,seamless ,logical ,rational ,,,,,,,,,,,,,,,,,
conspicuous,adjective,11,1,***********,c**********,c*********s,co*******us,co**pi***us,attention-getting ,eye-catching ,big ,large ,prominent ,bold ,crying ,flagrant ,glaring ,in evidence ,marked ,outstanding ,prominent ,salient ,spectacular ,striking ,indiscreet ,,,,,,
continuous,adjective,10,1,**********,c*********,c********s,co******us,co**i***us,uninterrupted,around-the-clock ,day-and-night ,nonstop ,round-the-clock ,ceaseless ,constant ,incessant ,never-ending ,perpetual ,unceasing ,unremitting ,continual ,dogging ,persisting ,endless ,free burning ,sustained ,sustained ,unbroken ,,,
contraption,noun,11,1,***********,c**********,c*********n,co*******on,co**ra***on,appliance,contrivance,convenience,gadget,gizmo,gismo,widget,device ,,,,,,,,,,,,,,,
cornerstone,noun,11,1,***********,c**********,c*********e,co*******ne,co**er***ne,basis,base,foundation,fundament,groundwork,assumption ,supposition ,,,,,,,,,,,,,,,,
counterfeit,adjective,11,1,***********,c**********,c*********t,co*******it,co**te***it,imitative,assumed ,false ,fictitious ,fictive ,pretended ,put on ,sham ,bad ,forged ,bogus ,fake ,phony ,phoney ,inauthentic ,unauthentic ,spurious ,mock ,pseudo ,synthetic ,artificial ,unreal ,false 
courageous,adjective,10,1,**********,c*********,c********s,co******us,co**a***us,brave,heroic ,gallant ,gritty ,mettlesome ,spirited ,spunky ,lionhearted ,stalwart ,stouthearted ,undaunted ,valiant ,valorous ,adventurous ,adventuresome ,bold ,resolute ,unafraid ,fearless ,,,,
cuckoo's nest,noun,12,2,******'* ****,c*****'* ****,c*****'* ***t,cu****'* n**t,cu****'* n*st,Bedlam,booby hatch,crazy house,funny farm,funny house,loony bin,madhouse,nut house,nuthouse,sanatorium,snake pit,mental hospital ,psychiatric hospital ,mental institution ,mental home ,insane asylum ,,,,,,,
dead reckoning,noun,13,2,**** *********,d*** *********,d*** ********g,de** re******g,de** re*****ng,guess,guesswork,guessing,shot,estimate ,estimation ,approximation ,,,,,,,,,,,,,,,,
decoration,noun,10,1,**********,d*********,d********n,de******on,de**r***on,laurel wreath,medal,medallion,palm,ribbon,award ,accolade ,honor ,honour ,laurels ,,,,,,,,,,,,,
decriminalise,verb,13,1,*************,d***********e,de*********se,de********ise,dec******lise,legalize,legalise,legitimize,legitimate,legitimatize,permit ,allow ,,,,,,,,,,,,,,,,
dependable,adjective,10,1,**********,d*********,d********e,de******le,de**n***le,reliable,certain ,sure ,tested ,time-tested ,tried ,tried and true ,undeviating ,trustworthy ,trusty ,,,,,,,,,,,,
depressing,adjective,10,1,**********,d*********,d********g,de******ng,de**e***ng,blue,dark,dingy,disconsolate,dismal,dispiriting,gloomy,grim,sorry,drab,drear,dreary,cheerless ,uncheerful ,,,,,,,,
diabolical,adjective,10,1,**********,d*********,d********l,di******al,di**o***al,demonic,diabolic,fiendish,hellish,infernal,satanic,unholy,evil ,,,,,,,,,,,,,,
dictatorship,noun,12,1,************,d***********,di********ip,di***t****ip,di***tor**ip,absolutism,authoritarianism,Caesarism,despotism,monocracy,one-man rule,shogunate,Stalinism,totalitarianism,tyranny,autocracy ,autarchy ,,,,,,,,,,
disagreeable,adjective,12,1,************,d***********,di********le,di***r****le,di***ree**le,annoying ,bothersome ,galling ,irritating ,nettlesome ,pesky ,pestering ,plaguey ,teasing ,vexatious ,vexing ,harsh ,abrasive ,nerve-racking ,nerve-wracking ,stressful ,trying ,unsweet ,ill-natured ,,,
disappoint,verb,10,1,**********,d*********,d********t,di******nt,di**p***nt,let down,thwart ,queer ,spoil ,scotch ,foil ,cross ,frustrate ,baffle ,bilk ,,,,,,,,,,,,
discombobulate,verb,14,1,**************,di************,dis**********e,dis***b**u**te,dis***b**ulate,bewilder,bemuse,throw,upset ,discompose ,untune ,disconcert ,discomfit ,confuse,throw,fox,befuddle,fuddle,bedevil,confound,,,,,,,
disconnected,adjective,12,1,************,d***********,di********ed,di***n****ed,di***nne**ed,confused,disjointed,disordered,garbled,illogical,scattered,incoherent ,,,,,,,,,,,,,,,
discouraging,adjective,12,1,************,d***********,di********ng,di***u****ng,di***ura**ng,daunting ,intimidating ,demoralizing ,demoralising ,disheartening ,dispiriting ,frustrating ,unencouraging ,dissuasive ,hopeless ,unhelpful ,,,,,,,,,,,
discourteous,adjective,12,1,************,d***********,di********us,di***u****us,di***urt**us,brusk ,curt ,short ,caddish ,unchivalrous ,ungallant ,unceremonious ,disrespectful ,,,,,,,,,,,,,,
discriminate,verb,12,1,************,d***********,di********te,di***i****te,di***imi**te,separate,single out,distinguish ,separate ,differentiate ,secern ,secernate ,severalize ,severalise ,tell ,tell apart ,,,,,,,,,,,
dishonorable,adjective,12,1,************,d***********,di********le,di***n****le,di***nor**le,disgraceful ,ignominious ,inglorious ,shameful ,debasing ,degrading ,shabby ,unprincipled ,dishonest ,dishonorable ,disreputable ,ignoble ,inglorious ,unjust ,unworthy ,,,,,,,
disjointed,adjective,10,1,**********,d*********,d********d,di******ed,di**o***ed,confused,disconnected,disordered,garbled,illogical,scattered,unconnected,incoherent ,,,,,,,,,,,,,,
disobedient,adjective,11,1,***********,d**********,d*********t,di*******nt,di**be***nt,contrary ,obstinate ,perverse ,wayward ,fractious ,refractory ,recalcitrant ,froward ,headstrong ,self-willed ,willful ,wilful ,bad ,defiant ,noncompliant ,incorrigible ,intractable ,stubborn ,obstinate ,unregenerate ,unmanageable ,difficult 
displeased,adjective,10,1,**********,d*********,d********d,di******ed,di**l***ed,annoyed ,irritated ,miffed ,nettled ,peeved ,riled ,roiled ,steamed ,stung ,exasperated ,cheesed off ,disgusted ,fed up ,sick of ,tired of ,offended ,pained ,,,,,
disseminate,verb,11,1,***********,d**********,d*********e,di*******te,di**em***te,circulate,circularize,circularise,distribute,propagate,broadcast,spread,diffuse,disperse,pass around,publicize ,publicise ,air ,,,,,,,,,
distasteful,adjective,11,1,***********,d**********,d*********l,di*******ul,di**as***ul,disgusting,disgustful,foul,loathly,loathsome,repellent,repellant,repelling,revolting,skanky,wicked,yucky,offensive 
disturbance,noun,11,1,***********,d**********,d*********e,di*******ce,di**ur***ce,disruption,commotion,flutter,hurly burly,to-do,hoo-ha,hoo-hah,kerfuffle,disorder ,,,,
doggedness,noun,10,1,**********,d*********,d********s,do******ss,do**e***ss,perseverance,persistence,persistency,tenacity,tenaciousness,pertinacity,determination ,,,,,,
double-crosser,noun,14,1,******-*******,d*****-*******,d*****-******r,do****-c*****r,do**le-cr***er,double-dealer,two-timer,betrayer,traitor,deceiver ,cheat ,cheater ,trickster ,,,,,
double-dealing,adjective,14,1,******-*******,d*****-*******,d*****-******g,do****-d*****g,dou***-dea***g,deceitful,duplicitous,two-faced,dishonest ,dishonorable ,,,,,,,,
down in the mouth,adjective,14,4,**** ** *** *****,d*** ** *** ****h,d*** in *** ****h,do** in *** m***h,do** in t** mo**h,blue,depressed,dispirited,low,low-spirited,dejected ,,,,,,,
downhearted,adjective,11,1,***********,d**********,d*********d,do*******ed,do**he***ed,blue,depressed,dispirited,low,low-spirited,dejected ,,,,,,,
duplicitous,adjective,11,1,***********,d**********,d*********s,du*******us,du**ic***us,deceitful,double-dealing,two-faced,double-faced,double-tongued,dishonest ,dishonorable ,,,,,,
effervescent,adjective,12,1,************,e***********,ef********nt,ef***v****nt,ef***ves**nt,bubbling ,bubbly ,foaming ,foamy ,frothy ,effervescing ,aerated ,fizzing ,fizzy ,carbonated ,,,
empty words,noun,10,2,***** *****,e**** *****,e**** ****s,em*** w***s,em*** w**ds,hot air,rhetoric,nonsense ,bunk ,nonsensicality ,meaninglessness ,hokum ,,,,,,
empty-headed,adjective,12,1,*****-******,e****-******,e****-*****d,em***-h****d,em***-hea**d,airheaded,dizzy,featherbrained,giddy,light-headed,lightheaded,silly,frivolous ,,,,,
encroach upon,verb,12,2,******** ****,e******* ****,e******* ***n,en*****h u**n,en*****h u*on,intrude on,invade,obtrude upon,come in ,get into ,get in ,go into ,go in ,move into ,,,,
enthusiastic,adjective,12,1,************,e***********,en********ic,en***s****ic,en***sia**ic,ardent ,warm ,avid ,great ,eager ,zealous ,evangelical ,evangelistic ,glowing ,gung ho ,passionate ,spirited ,
everlasting,adjective,11,1,***********,e**********,e*********g,ev*******ng,ev**la***ng,ageless,eternal,perpetual,unending,unceasing,permanent ,lasting ,,,,,,
exaggerate,verb,10,1,**********,e*********,e********e,ex******te,ex**g***te,overstate,hyperbolize,hyerbolise,magnify,amplify,misinform ,mislead ,,,,,,
exhilarate,verb,10,1,**********,e*********,e********e,ex******te,ex**l***te,inebriate,thrill,exalt,beatify,elate ,lift up ,uplift ,pick up ,intoxicate ,,,,
expedition,noun,10,1,**********,e*********,e********n,ex******on,ex**d***on,excursion,jaunt,outing,junket,pleasure trip,journey ,journeying ,,,,,,
falling off,noun,10,2,******* ***,f****** ***,f****** **f,fa****g **f,fa****g *ff,slump,slack,drop-off,deterioration,decline in quality,worsening,,,,,,,
false pretense,noun,13,2,***** ********,f**** ********,f**** *******e,fa**e pr*****e,fa**e pr****se,misdemeanor,misdemeanour,infraction,offence,offense,violation,infringement,,,,,,
farsighted,adjective,10,1,**********,f*********,f********d,fa******ed,fa**i***ed,presbyopic,eagle-eyed,keen-sighted,longsighted,telescopic,,,,,,,,
fascinating,adjective,11,1,***********,f**********,f*********g,fa*******ng,fa**in***ng,bewitching,captivating,enchanting,enthralling,entrancing,attractive,,,,,,,
fashionable,adjective,11,1,***********,f**********,f*********e,fa*******le,fa**io***le,stylish,chic,smart,voguish,classy,posh,snazzy,,,,,,
fastidious,adjective,10,1,**********,f*********,f********s,fa******us,fa**i***us,choosy,choosey,dainty,prissy,finicky,fussy,particular,picky,meticulous,pernickety,persnickety,refined,tidy
fictitious,adjective,10,1,**********,f*********,f********s,fi******us,fi**i***us,fabricated,fancied,fictional,invented,made-up,unreal,pretended,put on,sham,,,,
first light,noun,10,2,***** *****,f**** *****,f**** ****t,fi*** l***t,fi*** l**ht,dawn,dawning,morning,daybreak,break of day,break of the day,dayspring,sunrise,sunup,cockcrow,time of day,,
first-rate,adjective,10,1,*****-****,f****-****,f****-***e,fi***-r**e,fi**t-r**e,ace,A-one,crack,fantastic,super,tiptop,topnotch,tops,superior,,,,
flabbergasted,adjective,13,1,*************,f***********d,fl*********ed,fl*****g***ed,flab****g***ed,dumbfounded,stupefied,thunderstruck,dumbstruck,dumbstricken,surprised,,,,,,,
flea-bitten,adjective,11,1,****-******,f***-******,f***-*****n,fl**-b****n,fl*a-b***en,creaky,decrepit,derelict,run-down,woebegone,worn,,,,,,,
formalwear,noun,10,1,**********,f*********,f********r,fo******ar,fo**a***ar,eveningwear,evening dress,evening clothes,attire,garb,dress,,,,,,,
forty winks,noun,10,2,***** *****,f**** *****,f**** ****s,fo*** w***s,fo*** w**ks,nap,catnap,short sleep,snooze,sleeping,,,,,,,,
functional,adjective,10,1,**********,f*********,f********l,fu******al,fu**t***al,usable,in working order,operable,operational,serviceable,,,,,,,,
fuss-budget,noun,11,1,****-******,f***-******,f***-*****t,fu**-b****t,fus*-bu***t,worrier,worrywart,spoilsport,killjoy,wet blanket,party pooper,,,,,,,
get the picture,verb,13,3,*** *** *******,g** *** *******,g** *** ******e,ge* the p*****e,ge* the pic***e,comprehend,savvy,dig,grasp,apprehend,understand,,,,,,,,
go ballistic,verb,11,2,** *********,g* *********,g* ********c,go ba******c,go ba*****ic,flip one's lid,blow up,throw a fit,hit the roof,hit the ceiling,have kittens,have a fit,combust,blow one's stack,fly off the handle,flip one's wig,lose one's temper,blow a fuse,rage
grease monkey,noun,12,2,****** ******,g***** ******,g***** *****y,gr**** m****y,gr**** m***ey,automobile mechanic,mechanic,repairman,maintenance man,service man,,,,,,,,,
hanky panky,noun,10,2,***** *****,h**** *****,h**** ****y,ha*** p***y,ha*** p**ky,trickery,hocus-pocus,slickness,jiggery-pokery,skulduggery,deceit,deception,,,,,,,
harum-scarum,noun,12,1,*****-******,h****-******,h****-*****m,ha***-sc***m,har**-sca**m,daredevil,madcap,hothead,swashbuckler,lunatic,adventurer,venturer,,,,,,,
have kittens,verb,11,2,**** *******,h*** *******,h*** ******s,ha** k*****s,ha** k****ns,flip one's lid,blow up,throw a fit,hit the roof,hit the ceiling,have a fit,blow one's stack,fly off the handle,flip one's wig,lose one's temper,blow a fuse,go ballistic,,
head honcho,noun,10,2,**** ******,h*** ******,h*** *****o,he** h****o,he** h***ho,big shot,big gun,big wheel,big cheese,big enchilada,big fish,important person,influential person,,,,,,
heavyweight,noun,11,1,***********,h**********,h*********t,he*******ht,he**yw***ht,colossus,behemoth,giant,titan,important person,influential person,personage,,,,,,,
heretofore,adverb,10,1,**********,h*********,h********e,he******re,he**t***re,so far,thus far,up to now,as yet,yet,til now,until now,,,,,,,
high-minded,adjective,11,1,****-******,h***-******,h***-*****d,hi**-m****d,hi**-min**d,exalted,grand,high-flown,lofty,rarefied,idealistic,noble-minded,noble,,,,,,
high-strung,adjective,11,1,****-******,h***-******,h***-*****g,hi**-s****g,hi**-str**g,edgy,highly strung,in suspense,jittery,jumpy,nervy,,uptight,tense,,,,,
hinderance,noun,10,1,**********,h*********,h********e,hi******ce,hi**e***ce,deterrent,impediment,check,handicap,difficulty,,,,,,,,,
hocus-pocus,noun,11,1,*****-*****,h****-*****,h****-****s,ho***-p***s,hoc**-po**s,trickery,hanky panky,jiggery-pokery,skulduggery,misrepresentation,deceit,deception,,,,,,,
horse sense,noun,10,2,***** *****,h**** *****,h**** ****e,ho*** s***e,ho*** s**se,common sense,good sense,gumption,mother wit,judgment,discernment,,,,,,,,
hurly burly,noun,10,2,***** *****,h**** *****,h**** ****y,hu*** b***y,hu*** b**ly,disturbance,disruption,commotion,flutter,to-do,hoo-ha,kerfuffle,disorder,,,,,,
hypnotised,adjective,10,1,**********,h*********,h********d,hy******ed,hy**o***ed,fascinated,mesmerized,spellbound,transfixed,enchanted,,,,,,,,,
illuminate,verb,10,1,**********,i*********,i********e,il******te,il**m***te,clear up,shed light on,crystallize,straighten out,sort out,enlighten,elucidate,clarify,clear up,,,,,
illustrate,verb,10,1,**********,i*********,i********e,il******te,il**s***te,exemplify,elaborate,expatiate,exposit,enlarge,flesh out,expand,expound,,,,,,
imagination,noun,11,1,***********,i**********,i*********n,im*******on,im**in***on,resource,resourcefulness,inventiveness,ingeniousness,ingenuity,cleverness,,,,,,,,
immediately,adverb,11,1,***********,i**********,i*********y,im*******ly,im**di***ly,instantly,straightaway,straight off,directly,now,right away,at once,forthwith,in real time,like a shot,,,,
impediment,noun,10,1,**********,i*********,i********t,im******nt,im**d***nt,hindrance,deterrent,balk,check,handicap,difficulty,,,,,,,,
impossible,adjective,10,1,**********,i*********,i********e,im******le,im**s***le,hopeless,impracticable,infeasible,unworkable,unachievable,unattainable,undoable,unrealizable,hopeless,impractical,insurmountable,unrealistic,unthinkable,
impractical,adjective,11,1,***********,i**********,i*********l,im*******al,im**ac***al,crazy,half-baked,screwball,softheaded,wild-eyed,unfunctional,unwieldy,impossible,unrealistic,,,,,
impression,noun,10,1,**********,i*********,i********n,im******on,im**e***on,feeling,belief,notion,opinion,idea,thought,,,,,,,,
inadequate,adjective,10,1,**********,i*********,i********e,in******te,in**e***te,deficient,lacking,wanting,incapable,incompetent,unequal to,short-handed,short-staffed,undermanned,understaffed,unsatisfactory,,,
incalculable,adjective,12,1,************,i***********,in********le,in***c****le,in***cul**le,countless,infinite,innumerable,multitudinous,myriad,numberless,uncounted,unnumbered,unnumerable,incomputable,inestimable,immeasurable,indeterminable,undeterminable
incoherent,adjective,10,1,**********,i*********,i********t,in******nt,in**h***nt,confused,disconnected,disjointed,disordered,garbled,illogical,scattered,unconnected,fuzzy,illogical,irrational,,,
incompatible,adjective,12,1,************,i***********,in********le,in***p****le,in***pat**le,antagonistic,clashing,contradictory,mutually exclusive,different,inharmonious,mismatched,,,,,,,
incompetent,adjective,11,1,***********,i**********,i*********t,in*******nt,in**mp***nt,feckless,inept,incapable,unqualified,ineffective,inefficient,unworkmanlike,inefficient,unskilled,,,,,
inconsiderate,adjective,13,1,*************,i***********e,in*********te,in********ate,inco******ate,thoughtless,uncaring,unthinking,selfish,tactless,untactful,thoughtless,,,,,,,
incredulity,noun,11,1,***********,i**********,i*********y,in*******ty,in**ed***ty,disbelief,skepticism,mental rejection,doubt,uncertainty,incertitude,doubtfulness,dubiousness,,,,,,
indifference,noun,12,1,************,i***********,in********ce,in***f****ce,in***fer**ce,emotionlessness,impassivity,stolidity,unemotionality,apathy,,,,,,,,,
indistinct,adjective,10,1,**********,i*********,i********t,in******ct,in**s***ct,bedimmed,bleary,blurred,foggy,fuzzy,hazy,cloudy,dim,faint,shadowy,vague,wispy,faint,veiled,unclear,,
individual,noun,10,1,**********,i*********,i********l,in******al,in**v***al,person,someone,somebody,mortal,soul,organism,being,,,,,,,,,,
inexpensive,adjective,11,1,***********,i**********,i*********e,in*******ve,in**pe***ve,cheap,bargain-priced,cut-rate,cut-price,dirt cheap,low-budget,low-cost,low-priced,affordable,nickel-and-dime,,,,,,,
inexplicable,adjective,12,1,************,i***********,in********le,in***l****le,in***lic**le,incomprehensible,cryptic,deep,inscrutable,mysterious,paradoxical,unaccountable,unexplainable,unexplained,incomprehensible,uncomprehensible,,,,,,
infatuated,adjective,10,1,**********,i*********,i********d,in******ed,in**t***ed,crazy,dotty,gaga,enamored,in love,smitten,soft on,taken with,loving,,,,,,,,
informative,adjective,11,1,***********,i**********,i*********e,in*******ve,in**rm***ve,instructive,clarifying,elucidative,demonstrative,illustrative,doctrinaire,educational,explanatory,expository,expositive,informative,,,,,,
infraction,noun,10,1,**********,i*********,i********n,in******on,in**a***on,offence,violation,infringement,crime,law-breaking,,,,,,,,,,,,
ingredient,noun,10,1,**********,i*********,i********t,in******nt,in**e***nt,component,constituent,element,factor,part,,,,,,,,,,,,
insensitive,adjective,11,1,***********,i**********,i*********e,in*******ve,in**ns***ve,callous,numb,dull,insensible,unaffected,soulless,thick-skinned,tough-skinned,hard,tough,unresponsive,,,,,,
insufferable,adjective,12,1,************,i***********,in********le,in***f****le,in***fer**le,impossible,unacceptable,unsufferable,intolerable,unbearable,unendurable,,,,,,,,,,,
insufficient,adjective,12,1,************,i***********,in********nt,in***f****nt,in***fic**nt,deficient,depleted,low,inadequate,poor,short,lean,skimpy,light,scant,shy,too little,meager,meagre,meagerly,stingy,scrimpy
insurrection,noun,12,1,************,i***********,in********on,in***r****on,in***rec**on,rebellion,revolt,uprising,conflict,struggle,battle,,,,,,,,,,,
intercessor,noun,11,1,***********,i**********,i*********r,in*******or,in**rc***or,mediator,go-between,intermediator,intermediary,negotiator,,,,,,,,,,,,
interconnect,verb,12,1,************,i***********,in********ct,in***c****ct,in***con**ct,interlink,connect,link up,join,unite,,,,,,,,,,,,
interference,noun,12,1,************,i***********,in********ce,in***f****ce,in***fer**ce,hindrance,hinderance,hitch,preventive,encumbrance,incumbrance,obstruction,impediment,,,,,,,,,
interrelate,verb,11,1,***********,i**********,i*********e,in*******te,in**rr***te,associate,tie in,,link,link up,connect,,,,,,,,,,,
interrogator,noun,12,1,************,i***********,in********or,in***r****or,in***rog**or,inquisitor,inquirer,questioner,querier,asker,,,,
interruption,noun,12,1,************,i***********,in********on,in***r****on,in***rup**on,pause,intermission,break,suspension,time interval,,,,
intolerable,adjective,11,1,***********,i**********,i*********e,in*******le,in**le***le,unbearable,unendurable,bitter,impossible,insufferable,unacceptable,impermissible,,
introduction,noun,12,1,************,i***********,in********on,in***d****on,in***duc**on,debut,first appearance,launching,unveiling,entry,beginning,start,commencement,
introspection,noun,13,1,*************,i***********n,in*********on,in***s****ion,intr*s***tion,self-contemplation,self-examination,reflection,rumination,musing,thoughtfulness,,,
involuntary,adjective,11,1,***********,i**********,i*********y,in*******ry,in**lu***ry,driven,goaded,forced,unconscious,unwilling,unconscious,,,
irrational,adjective,10,1,**********,i*********,i********l,ir******al,ir**t***al,blind,unreasoning,nonrational,illogical,incoherent,unreasonable,,,
irrelevant,adjective,10,1,**********,i*********,i********t,ir******nt,ir**l***nt,digressive,tangential,extraneous,immaterial,impertinent,inapplicable,unsuitable,moot,
irreverent,adjective,10,1,**********,i*********,i********t,ir******nt,ir**v***nt,blasphemous,profane,sacrilegious,disrespectful,,,,,
itty-bitty,adjective,10,1,****-*****,i***-*****,i***-****y,it**-b***y,it**-bi**y,teensy,teeny,wee,weensy,teensy-weensy,teeny-weeny,itsy-bitsy,small,little
kettle of fish,noun,12,3,****** ** ****,k***** ** ****,k***** ** ***h,ket*** of ***h,ket*** of f**h,fix,hole,jam,mess,muddle,pickle,difficulty,,
kit and caboodle,noun,14,3,*** *** ********,k** *** ********,k** *** *******e,ki* and c******e,ki* and cab****e,whole shebang,whole works,works,full treatment,entirety,entireness,totality,,
levelheaded,adjective,11,1,***********,l**********,l*********d,le*******ed,le**lh***ed,healthy,intelligent,sound,reasonable,sensible,,,,
liquidator,noun,10,1,**********,l*********,l********r,li******or,li**i***or,murderer,manslayer,criminal,felon,crook,killer,slayer,,
maintenance,noun,11,1,***********,m**********,m*********e,ma*******ce,ma**te***ce,care,upkeep,repair,fix,fixing,fixture,mend,reparation,
malefactor,noun,10,1,**********,m*********,m********r,ma******or,ma**f***or,criminal,felon,crook,outlaw,wrongdoer,offender,,,
malodorous,adjective,10,1,**********,m*********,m********s,ma******us,ma**d***us,unpeasant-smelling,ill-smelling,stinky,bilgy,fetid,foetid,foul,funky,smelly,stinking,ill-scented,musty,gamey,odoriferous,odorous,putrid-smelling,rank-smelling,reeking,rancid
manipulate,verb,10,1,**********,m*********,m********e,ma******te,ma**p***te,fudge,fake,falsify,cook,wangle,misrepresent,cheat,chisel,cook up,,,,,,,,,,
manufacture,verb,11,1,***********,m**********,m*********e,ma*******re,ma**fa***re,fabricate,cook up,make up,invent,think up,think of,dream up,hatch,concoct,,,,,,,,,,
mastermind,noun,10,1,**********,m*********,m********d,ma******nd,ma**e***nd,genius,brain,brainiac,Einstein,intellectual,intellect,,,,,,,,,,,,,
materialize,verb,11,1,***********,m**********,m*********e,ma*******ze,ma**ri***ze,happen,go on,occur,come about,take place,,,,,,,,,,,,,,
meaningless,adjective,11,1,***********,m**********,m*********s,me*******ss,me**in***ss,empty,hollow,insignificant,unmeaning,mindless,nonsense,pointless,purposeless,senseless,insignificant,unimportant,purposeless,,,,,,,
meditative,adjective,10,1,**********,m*********,m********e,me******ve,me**t***ve,brooding,contemplative,musing,pensive,pondering,reflective,ruminative,thoughtful,,,,,,,,,,,
microscopic,adjective,11,1,***********,m**********,m*********c,mi*******ic,mi**os***ic,atomic,minute,small,little,,,,,,,,,,,,,,,
misanthrope,noun,11,1,***********,m**********,m*********e,mi*******pe,mi**nt***pe,grouch,grump,crank,churl,crosspatch,,,,,,,,,,,,,,
misbehavior,noun,11,1,***********,m**********,m*********r,mi*******or,mi**eh***or,misdeed,wrongdoing,wrongful conduct,misconduct,actus reus,,,,,,,,,,,,,,
miscellaneous,adjective,13,1,*************,m***********s,mi*********us,mis*******ous,mis******eous,assorted,mixed,sundry,heterogeneous,,,,,,,,,,,,,,,
mischievous,adjective,11,1,***********,m**********,m*********s,mi*******us,mi**hi***us,impish,implike,pixilated,prankish,puckish,wicked,playful,,,,,,,,,,,,
misconceive,verb,11,1,***********,m**********,m*********e,mi*******ve,mi**on***ve,misconstrue,misinterpret,misunderstand,misapprehend,be amiss,,,,,,,,,,,,,,
misfortune,noun,10,1,**********,m*********,m********e,mi******ne,mi**o***ne,bad luck,tough luck,ill luck,destiny,fate,circumstances,,,,,,,,,,,,,
misrepresent,verb,12,1,************,m***********,mi********nt,mi***p****nt,mi***pre**nt,fudge,manipulate,fake,falsify,cook,wangle,cheat,chisel,cook up,,,,,,,,,,
mollycoddle,verb,11,1,***********,m**********,m*********e,mo*******le,mo**yc***le,pamper,baby,coddle,spoil,indulge,treat,do by,,,,,,,,,,,,
more or less,adverb,10,3,**** ** ****,m*** ** ****,m*** ** ***s,mo** or ***s,mo** or l**s,approximately,about,close to,just about,some,roughly,around,or so,,,,
motherland,noun,10,1,**********,m*********,m********d,mo******nd,mo**e***nd,fatherland,homeland,mother country,country of origin,native land,country,,,,,,
muttonhead,noun,10,1,**********,m*********,m********d,mu******ad,mu**o***ad,dunce,dunderhead,numskull,blockhead,bonehead,lunkhead,hammerhead,knucklehead,loggerhead,simpleton,simple,
mysterious,adjective,10,1,**********,m*********,m********s,my******us,my**e***us,cryptic,deep,inscrutable,mystifying,inexplicable,incomprehensible,,,,,,
narcissism,noun,10,1,**********,n*********,n********m,na******sm,na**i***sm,self-love,egoism,self-interest,self-concern,self-centeredness,,,,,,,
neandertal,adjective,10,1,**********,n*********,n********l,ne******al,ne**d***al,boorish,loutish,oafish,swinish,unrefined,,,,,,,
necropolis,noun,10,1,**********,n*********,n********s,ne******is,ne**o***is,cemetery,graveyard,burial site,burial ground,memorial park,,,,,,,
neutralize,verb,10,1,**********,n*********,n********e,ne******ze,ne**r***ze,liquidate,waste,knock off,do in,kill,,,,,,,
nightstick,noun,10,1,**********,n*********,n********k,ni******ck,ni**t***ck,truncheon,baton,billy,billystick,billy club,club,,,,,,
nitty-gritty,noun,12,1,*****-******,n****-******,n****-*****y,ni***-g****y,nit**-gri**y,substance,core,essence,gist,heart,heart and soul,meat,nub,pith,sum,content,cognitive content
no-account,noun,10,1,**-*******,n*-*******,n*-******t,no-a*****t,no-acc***t,goldbrick,goof-off,ne'er-do-well,good-for-nothing,good-for-naught,idler,loafer,do-nothing,layabout,bum,,
nonstarter,noun,10,1,**********,n*********,n********r,no******er,no**t***er,failure,loser,unsuccessful person,unfortunate,unfortunate person,,,,,,,
